{
    "uvs":[],
    "normals":[0.301492,-0.904508,-0.301492,0.301492,-0.301492,0.904508,0.577349,-0.577349,0.577349,0.577349,-0.577349,-0.577349,0.715995,0,0.69808,0.71337,0,0.700736,-0.585101,0.574511,0.572314,-0.707083,0,0.707083,-1,0,0,-0.714927,0.699179,0,0,-1,0,-0.707083,-0.707083,0,0,-0.707083,0.707083,0.725578,-0.688101,0,0,-0.999969,0,0.912748,-0.272256,-0.304514,0.709861,0.018983,0.704031,-0.301492,-0.904508,0.301492,-0.577349,-0.577349,-0.577349,-0.577349,-0.577349,0.577349,-0.707602,0,-0.706595,0.998566,0.05298,0,-0.999969,0,0,0.999664,0,-0.02533,0.305124,0.305856,0.901822,0,0.706534,0.707663,0,0.697256,-0.716788,-0.710776,0,-0.703391,0,0.703177,0.71099,-0.301492,-0.301492,0.904508,0,-0.029206,-0.999573,0,0.700308,-0.713797,-0.904508,-0.301492,0.301492,-0.904508,-0.301492,-0.301492,0.912748,-0.272256,0.304514,0.892422,0.023438,-0.450545,0.301492,-0.904508,0.301492,-0.301492,-0.904508,-0.301492,0,0.694296,-0.719657,-0.591998,0.570849,-0.568865,-0.010437,0,-0.999939,-0.022279,0.999725,0],
    "faces":[33,171,34,173,175,0,1,2,3,33,166,39,1,37,4,5,6,7,33,165,44,4,42,4,4,7,7,33,160,48,6,65,8,8,8,8,33,159,43,5,66,8,9,9,8,33,155,51,3,56,10,10,11,11,33,154,52,7,69,10,10,10,10,33,153,40,2,70,10,12,12,10,33,152,71,24,54,10,10,10,10,33,151,72,25,73,13,13,10,14,33,150,59,177,179,15,16,2,3,33,149,75,23,53,10,10,10,10,33,26,77,182,180,17,18,18,19,33,147,68,22,78,13,13,10,10,33,36,146,187,185,20,3,3,18,33,145,80,27,81,10,10,10,10,33,144,67,21,82,10,10,10,10,33,151,68,119,83,13,13,21,21,33,59,150,106,139,16,15,21,21,33,150,72,118,106,15,13,21,21,33,138,84,20,50,8,8,8,8,33,137,85,28,86,8,8,8,8,33,136,62,16,87,8,9,9,8,33,135,88,19,49,8,8,8,8,33,134,89,29,90,8,8,8,8,33,133,64,18,91,8,8,8,8,33,131,93,30,94,8,8,8,22,33,130,63,17,95,8,8,8,8,33,166,101,167,156,4,4,23,23,33,126,99,15,61,24,4,7,7,33,124,101,11,57,4,4,7,7,33,121,103,32,104,8,8,22,8,33,120,58,12,105,8,9,9,8,33,99,126,163,9,4,24,23,23,33,116,110,14,41,10,10,11,11,33,115,111,33,112,10,10,10,10,33,114,55,8,113,10,12,12,10,33,111,114,113,33,10,10,10,10,33,24,70,114,111,10,10,10,10,33,70,2,55,114,10,12,12,10,33,67,115,112,21,10,10,10,10,33,7,54,115,67,10,10,10,10,33,54,24,111,115,10,10,10,10,33,51,116,41,3,10,10,11,11,33,21,112,116,51,10,10,10,10,33,112,33,110,116,10,10,10,10,33,125,45,169,143,25,25,26,26,33,103,120,105,32,8,8,8,22,33,20,66,120,103,8,8,8,8,33,66,5,58,120,8,9,9,8,33,63,121,104,17,8,8,8,8,33,6,50,121,63,8,8,8,8,33,50,20,103,121,8,8,8,8,33,17,104,122,47,8,8,27,27,33,104,32,102,122,8,22,27,27,33,44,124,57,4,4,4,7,7,33,55,125,100,8,12,25,25,12,33,2,45,125,55,12,25,25,12,33,61,0,34,126,7,7,1,24,33,8,100,126,34,12,25,24,1,33,59,127,98,13,16,28,25,29,33,40,128,45,2,12,25,25,12,33,13,98,128,40,29,25,25,12,33,157,143,109,97,26,26,30,30,33,44,165,162,31,4,4,23,23,33,142,157,97,123,31,26,30,30,33,169,140,170,46,26,26,30,30,33,165,99,9,162,4,4,23,23,33,140,158,96,170,26,26,30,30,33,143,169,46,109,26,26,30,30,33,124,44,31,164,4,4,23,23,33,101,124,164,167,4,4,23,23,33,93,130,95,30,8,8,8,8,33,19,65,130,93,8,8,8,8,33,65,6,63,130,8,8,8,8,33,56,131,94,10,11,8,22,32,33,3,49,131,56,11,8,8,11,33,49,19,93,131,8,8,8,8,33,10,94,132,36,32,22,27,20,33,94,30,92,132,22,8,27,27,33,89,133,91,29,8,8,8,8,33,15,42,133,89,7,7,8,8,33,42,4,64,133,7,7,8,8,33,60,134,90,14,33,8,8,11,33,0,61,134,60,7,7,8,33,33,61,15,89,134,7,7,8,8,33,41,135,49,3,11,8,8,11,33,14,90,135,41,11,8,8,11,33,90,29,88,135,8,8,8,8,33,85,136,87,28,8,8,8,8,33,11,37,136,85,7,7,8,8,33,37,1,62,136,7,6,9,8,33,64,137,86,18,8,8,8,8,33,4,57,137,64,7,7,8,8,33,57,11,85,137,7,7,8,8,33,48,138,50,6,8,8,8,8,33,18,86,138,48,8,8,8,8,33,86,28,84,138,8,8,8,8,33,147,76,117,108,13,34,21,21,33,76,148,107,117,34,35,21,21,33,100,125,143,157,25,25,26,26,33,45,128,140,169,25,25,26,26,33,72,151,83,118,13,13,21,21,33,128,98,158,140,25,25,26,26,33,39,166,156,35,5,4,23,23,33,80,144,82,27,10,10,10,10,33,23,69,144,80,10,10,10,10,33,69,7,67,144,10,10,10,10,33,53,23,80,145,10,10,10,10,33,81,27,79,146,10,10,36,3,33,76,147,78,26,34,13,10,17,33,77,26,75,149,18,17,10,10,33,72,150,74,25,13,15,37,10,33,68,151,73,22,13,13,14,10,33,52,152,54,7,10,10,10,10,33,22,73,152,52,10,14,10,10,33,73,25,71,152,14,10,10,10,33,71,153,70,24,10,10,10,10,33,25,74,153,71,10,37,10,10,33,74,13,40,153,37,29,12,10,33,75,154,69,23,10,10,10,10,33,26,78,154,75,17,10,10,10,33,78,22,52,154,10,10,10,10,33,79,155,56,10,36,10,11,32,33,27,82,155,79,10,10,10,36,33,82,21,51,155,10,10,10,10,33,68,147,108,119,13,13,21,21,33,98,127,141,158,25,28,38,26,33,126,100,157,142,24,25,26,31,33,84,159,66,20,8,8,8,8,33,28,87,159,84,8,8,8,8,33,87,16,43,159,8,9,9,8,33,88,160,65,19,8,8,8,8,33,29,91,160,88,8,8,8,8,33,91,18,48,160,8,8,8,8,33,30,95,161,92,8,8,27,27,33,95,17,47,161,8,8,27,27,33,158,141,129,96,26,38,30,30,33,99,165,42,15,4,4,7,7,33,101,166,37,11,4,4,7,7,33,32,105,168,102,22,8,27,27,33,105,12,38,168,8,9,39,27,33,110,171,60,14,10,0,33,11,33,33,113,171,110,10,10,0,10,33,113,8,34,171,10,12,1,0,33,175,173,172,174,3,2,19,18,33,34,0,172,173,1,7,19,2,33,0,60,174,172,7,33,18,19,33,60,171,175,174,33,0,3,18,33,179,177,176,178,3,2,19,18,33,59,13,176,177,16,29,19,2,33,13,74,178,176,29,37,18,19,33,74,150,179,178,37,15,3,18,33,183,181,180,182,3,2,19,18,33,77,148,183,182,18,35,3,18,33,148,76,181,183,35,34,2,3,33,76,26,180,181,34,17,19,2,33,187,186,184,185,3,2,19,18,33,10,36,185,184,32,20,18,19,33,146,79,186,187,3,36,2,3,33,79,10,184,186,36,32,19,2,33,47,122,193,190,27,27,40,40,33,102,168,196,192,27,27,40,40,33,36,132,194,188,20,27,40,40,33,92,161,195,191,27,27,40,40,33,122,102,192,193,27,27,40,40,33,168,38,189,196,27,39,40,40,33,132,92,191,194,27,27,40,40,33,161,47,190,195,27,27,40,40,33,16,62,204,200,9,9,41,41,33,58,5,198,203,9,9,41,41,33,12,58,203,199,9,9,41,41,33,62,1,197,204,9,6,41,41,33,43,16,200,202,9,9,41,41,33,5,43,202,198,9,9,41,41,33,38,12,199,201,39,9,41,41],
    "name":"CubeGeometry",
    "metadata":{
        "type":"Geometry",
        "uvs":0,
        "normals":42,
        "faces":176,
        "version":3,
        "generator":"io_three",
        "vertices":205
    },