{
    "uvs":[],
    "normals":[-0.301492,-0.904508,0.301492,0,-0.707083,0.707083,-0.577349,-0.577349,0.577349,-0.707083,-0.707083,0,0,0,-1,0,-0.707083,-0.707083,-0.577349,-0.577349,-0.577349,-0.707083,0,-0.707083,0,-1,0,0.301126,-0.905118,-0.300058,-0.301859,-0.903928,-0.302957,0.301126,-0.905118,0.300058,-0.301859,-0.903928,0.302957,0.301492,-0.904508,0.301492,0.577349,-0.577349,0.577349,-0.301492,-0.904508,-0.301492,0.301492,-0.904508,-0.301492,0.707083,0,-0.707083,0.577349,-0.577349,-0.577349,-1,0,0,-0.577685,0.577776,0.576556,0,0.707785,0.706381,0.577746,0.577654,0.576586,0.707083,-0.707083,0,1,0,0,0.575549,-0.578814,0.577624,0.575549,-0.578814,-0.577624,-0.579119,-0.575854,0.577044,-0.579119,-0.575854,-0.577044,0,0.999969,-0.001984],
    "faces":[33,112,27,2,49,0,1,2,3,33,111,26,3,51,4,5,6,7,33,110,30,5,52,4,5,5,4,33,109,36,7,43,8,8,3,3,33,108,37,8,55,8,8,8,8,33,107,31,6,56,8,1,1,8,33,106,57,20,39,8,8,8,8,33,105,58,21,59,8,9,10,8,33,104,47,15,60,11,1,1,12,33,103,61,19,38,8,8,8,8,33,62,22,117,118,13,0,2,14,33,101,54,18,64,8,8,8,8,33,100,65,12,28,15,0,3,3,33,99,66,23,67,8,8,13,16,33,98,53,17,68,8,8,8,8,33,85,45,14,75,4,5,5,4,33,84,41,10,76,4,5,5,4,33,83,77,16,32,8,15,3,3,33,82,78,24,79,8,8,16,8,33,81,42,11,80,8,1,1,13,33,78,81,80,24,8,8,13,16,33,20,56,81,78,8,8,8,8,33,56,6,42,81,8,1,1,8,33,53,82,79,17,8,8,8,8,33,8,39,82,53,8,8,8,8,33,39,20,78,82,8,8,8,8,33,36,83,32,7,8,8,3,3,33,17,79,83,36,8,8,8,8,33,79,24,77,83,8,16,15,8,33,52,5,41,84,4,5,5,4,33,46,0,45,85,17,18,5,4,33,43,86,74,12,3,19,19,3,33,7,33,86,43,3,19,19,3,33,28,87,51,3,3,19,7,6,33,12,74,87,28,3,19,19,3,33,49,88,73,16,3,19,19,3,33,2,50,88,49,2,20,19,3,33,32,89,33,7,3,19,19,3,33,16,73,89,32,3,19,19,3,33,42,90,72,11,1,21,21,1,33,6,34,90,42,1,21,21,1,33,27,91,50,2,1,21,20,2,33,11,72,91,27,1,21,21,1,33,47,92,71,15,1,21,21,1,33,1,48,92,47,14,22,21,1,33,31,93,34,6,1,21,21,1,33,15,71,93,31,1,21,21,1,33,40,94,70,9,23,24,24,23,33,4,35,94,40,23,24,24,23,33,25,95,48,1,23,24,22,14,33,9,70,95,25,23,24,24,23,33,44,96,69,13,23,24,24,23,33,0,46,96,44,18,17,24,23,33,29,97,35,4,23,24,24,23,33,13,69,97,29,23,24,24,23,33,66,98,68,23,8,8,8,13,33,19,55,98,66,8,8,8,8,33,55,8,53,98,8,8,8,8,33,41,99,67,10,5,8,16,5,33,5,38,99,41,5,8,8,5,33,38,19,66,99,8,8,8,8,33,26,100,28,3,5,15,3,6,33,10,67,100,26,5,16,15,5,33,65,100,128,126,0,15,6,2,33,62,101,64,22,13,8,8,0,33,13,29,101,62,23,23,8,13,33,29,4,54,101,23,23,8,8,33,45,102,63,14,5,16,15,5,33,0,44,102,45,18,23,16,5,33,44,13,62,102,23,23,13,16,33,30,103,38,5,5,8,8,5,33,14,63,103,30,5,15,8,5,33,63,22,61,103,15,0,8,8,33,58,104,116,114,9,11,25,26,33,9,25,104,58,23,23,11,9,33,25,1,47,104,23,14,1,11,33,54,105,59,18,8,8,8,8,33,4,40,105,54,23,23,8,8,33,40,9,58,105,23,23,9,8,33,37,106,39,8,8,8,8,8,33,18,59,106,37,8,8,8,8,33,59,21,57,106,8,10,8,8,33,57,107,56,20,8,8,8,8,33,21,60,107,57,10,12,8,8,33,60,15,31,107,12,1,1,8,33,61,108,55,19,8,8,8,8,33,22,64,108,61,0,8,8,8,33,64,18,37,108,8,8,8,8,33,65,109,43,12,0,8,3,3,33,23,68,109,65,13,8,8,0,33,68,17,36,109,8,8,8,8,33,75,14,30,110,4,5,5,4,33,76,10,26,111,4,5,5,4,33,77,112,49,16,15,0,3,3,33,24,80,123,121,16,13,14,18,33,80,11,27,112,13,1,1,0,33,114,116,115,113,26,25,27,28,33,60,21,113,115,12,10,28,27,33,104,60,115,116,11,12,27,25,33,21,58,114,113,10,9,26,28,33,120,118,117,119,18,14,2,6,33,63,102,120,119,15,16,18,6,33,22,63,119,117,0,15,6,2,33,102,62,118,120,16,13,14,18,33,121,123,124,122,18,14,2,6,33,112,77,122,124,0,15,6,2,33,77,24,121,122,15,16,18,6,33,80,112,124,123,13,0,2,14,33,127,125,126,128,18,14,2,6,33,100,67,127,128,15,16,18,6,33,67,23,125,127,16,13,14,18,33,23,65,126,125,13,0,2,14,33,71,92,136,132,21,21,29,29,33,91,72,133,135,21,21,29,29,33,72,90,134,133,21,21,29,29,33,34,93,137,129,21,21,29,29,33,92,48,130,136,21,22,29,29,33,50,91,135,131,20,21,29,29,33,90,34,129,134,21,21,29,29,33,93,71,132,137,21,21,29,29],
    "name":"CubeGeometry",
    "metadata":{
        "type":"Geometry",
        "uvs":0,
        "normals":30,
        "faces":120,
        "version":3,
        "generator":"io_three",
        "vertices":138
    },
    "vertices":[1,0.935975,-1,1,0.935975,1,-1,0.935975,1,-1,0.935975,-1,1,0.935975,0,0,0.935975,-1,0,0.935975,1,-1,0.935975,-0,0,0.935975,-0,1,0.935975,0.5,-0.5,0.935975,-1,-0.5,0.935975,1,-1,0.935975,-0.5,1,0.935975,-0.5,0.5,0.935975,-1,0.5,0.935975,1,-1,0.935975,0.5,-0.5,0.935975,-0,0.5,0.935975,-0,0,0.935975,-0.5,0,0.935975,0.5,0.5,0.935975,0.5,0.5,0.935975,-0.5,-0.5,0.935975,-0.5,-0.5,0.935975,0.5,1,0.935975,0.75,-0.75,0.935975,-1,-0.75,0.935975,1,-1,0.935975,-0.75,1,0.935975,-0.25,0.25,0.935975,-1,0.25,0.935975,1,-1,0.935975,0.25,-1,1.18598,-0,-0,1.18598,1,1,1.18598,0,-0.75,0.935975,-0,0.25,0.935975,-0,0,0.935975,-0.75,0,0.935975,0.25,1,0.935975,0.25,-0.25,0.935975,-1,-0.25,0.935975,1,-1,0.935975,-0.25,1,0.935975,-0.75,0.75,0.935975,-1,1,1.18598,-1,0.75,0.935975,1,1,1.18598,1,-1,0.935975,0.75,-1,1.18598,1,-1,1.18598,-1,0,1.18598,-1,-0.25,0.935975,-0,0.75,0.935975,-0,0,0.935975,-0.25,0,0.935975,0.75,0.25,0.935975,0.5,0.75,0.935975,0.5,0.5,0.935975,0.25,0.5,0.935975,0.75,0.25,0.935975,-0.5,0.75,0.935975,-0.5,0.5,0.935975,-0.75,0.5,0.935975,-0.25,-0.75,0.935975,-0.5,-0.25,0.935975,-0.5,-0.5,0.935975,-0.75,-0.5,0.935975,-0.25,1,1.18598,-0.5,1,1.18598,0.5,0.5,1.18598,1,-0.5,1.18598,1,-1,1.18598,0.5,-1,1.18598,-0.5,0.5,1.18598,-1,-0.5,1.18598,-1,-0.75,0.935975,0.5,-0.25,0.935975,0.5,-0.5,0.935975,0.25,-0.5,0.935975,0.75,-0.25,0.935975,0.75,-0.25,0.935975,0.25,-0.75,0.935975,0.25,-0.25,1.18598,-1,0.75,1.18598,-1,-1,1.18598,-0.25,-1,1.18598,-0.75,-1,1.18598,0.75,-1,1.18598,0.25,-0.25,1.18598,1,-0.75,1.18598,1,0.75,1.18598,1,0.25,1.18598,1,1,1.18598,0.25,1,1.18598,0.75,1,1.18598,-0.75,1,1.18598,-0.25,-0.25,0.935975,-0.25,-0.25,0.935975,-0.75,-0.75,0.935975,-0.75,0.75,0.935975,-0.25,0.75,0.935975,-0.75,0.25,0.935975,-0.75,0.75,0.935975,0.75,0.75,0.935975,0.25,0.25,0.935975,0.25,0.25,0.935975,0.75,0.25,0.935975,-0.25,-0.75,0.935975,-0.25,0.25,1.18598,-1,-0.75,1.18598,-1,-0.75,0.935975,0.75,0.491231,-0.6225,0.5,0.741231,-0.6225,0.5,0.491231,-0.6225,0.75,0.741231,-0.6225,0.75,0.5,-0.602265,-0.5,0.75,-0.602265,-0.5,0.5,-0.602265,-0.75,0.75,-0.602265,-0.75,-0.5,-0.619544,0.5,-0.75,-0.619544,0.5,-0.5,-0.619544,0.75,-0.75,-0.619544,0.75,-0.5,-0.612515,-0.5,-0.75,-0.612515,-0.5,-0.5,-0.612515,-0.75,-0.75,-0.612515,-0.75,-0.00041,1.18199,-1.0028,0.99959,1.18199,-1.0028,-1.00041,1.18199,-1.0028,0.49959,1.18199,-1.0028,-0.50041,1.18199,-1.0028,-0.25041,1.18199,-1.0028,-0.75041,1.18199,-1.0028,0.74959,1.18199,-1.0028,0.24959,1.18199,-1.0028]
}